Name,pmid,shorthand
Rana,70430,R.
Porcellio,115392,P.
Drosophila,115745,D.
Felis,170535,F.
Sphaeroma,198154,S.
Rana,304017,R.
Rana,308951,R.
Rana,316396,R.
Chrysocarabus,405118,C.
Chrysotribax,405118,C.
Aotus,405286,A.
Drosophila,407125,D.
Drosophila,414964,D.
Triturus,487910,T.
Chiasmata,487910,C.
Peromyscus,490135,P.
Schistosoma,541492,S.
Boophilus,571591,B.
Acarina,571591,A.
Mus,591872,M.
Strongyloides,592051,S.
Putorius,627343,P.
Schistosoma,659822,S.
Bulinus,659822,B.
Bombina,678297,B.
Canis,691134,C.
Schistosoma,695826,S.
Brugia,704146,B.
Mus,720506,M.
Triturus,738161,T.
Mus,744873,M.
Cnemidophorus,778325,C.
Rana,806650,R.
Bacillus,807252,B.
Drosophila,811203,D.
Drosophila,811205,D.
Drosophila,814050,D.
Drosophila,823072,D.
Cebus,827485,C.
Drosophila,828493,D.
Sarcophaga,844547,S.
Drosophila,863226,D.
Trimerotropis,870293,T.
Amoeba,890742,A.
Rana,893563,R.
Trichinella,902986,T.
Strongylocentrotus,934595,S.
Spermophilus,950012,S.
Drosophila,1001143,D.
Lepomis,1008802,L.
Strongylocentrotus,1023080,S.
Drosophila,1023085,D.
Drosophila,1026880,D.
Anopheles,1032337,A.
Equus,1060807,E.
Biomphalaria,1072601,B.
Rana,1080794,R.
Biomphalaria,1111353,B.
Drosophila,1114355,D.
Drosophila,1124437,D.
Rattus,1149576,R.
Drosophila,1163851,D.
Drosophila,1167128,D.
Drosophila,1213294,D.
Drosophila,1215013,D.
Macropus,1225290,M.
Lepomis,1248735,L.
Schistosoma,1274385,S.
Drosophila,1295856,D.
Nosopsyllus,1297970,N.
Drosophila,1325940,D.
Bombyx,1325940,B.
Drosophila,1334904,D.
Aprocta,1339982,A.
Corvus,1339982,C.
Rana,1352842,R.
Bacillus,1449790,B.
Poeciliopsis,1449790,P.
Rana,1449790,R.
Oryzias,1453158,O.
Drosophila,1506023,D.
Fundulus,1549614,F.
Gila,1557380,G.
Moapa,1557380,M.
Drosophila,1559838,D.
Strongylocentrotus,1576960,S.
Lytechinus,1576960,L.
Drosophila,1578104,D.
Drosophila,1628819,D.
Microtus,1649782,M.
Drosophila,1653752,D.
Balaenoptera,1679066,B.
Balaenoptera,1687408,B.
Drosophila,1756962,D.
Drosophila,1757273,D.
Boophilus,1770510,B.
Anopheles,1773123,A.
Drosophila,1774187,D.
Anopheles,1791454,A.
Drosophila,1802793,D.
Drosophila,1820022,D.
Mus,1822432,M.
Phlebotomus,1841213,P.
Lutzomyia,1841263,L.
Drosophila,1849860,D.
Drosophila,1879682,D.
Drosophila,1880047,D.
Drosophila,1917547,D.
Drosophila,1917552,D.
Odocoileus,1920279,O.
Schistosoma,1928567,S.
Bulinus,1928567,B.
Xenopsylla,1935257,X.
Oreochromis,1939607,O.
Culex,1941905,C.
Lytechinus,2010039,L.
Strongylocentrotus,2010039,S.
Mus,2052565,M.
Drosophila,2055454,D.
Drosophila,2061093,D.
Drosophila,2064801,D.
Schistosoma,2074140,S.
Drosophila,2108905,D.
Drosophila,2111301,D.
Crotalus,2120798,C.
Schistosoma,2126549,S.
Drosophila,2134899,D.
Schistosoma,2149382,S.
Eulemur,2209089,E.
Rhipicephalus,2279456,R.
Acarina,2279456,A.
Drosophila,2292491,D.
Drosophila,2332612,D.
Lepeophtheirus,2348169,L.
Psetta,2348169,P.
Scophthalmus,2348169,S.
Platichthys,2348169,P.
Nasonia,2377229,N.
Xiphophorus,2390002,X.
Rana,2391468,R.
Strongylocentrotus,2460390,S.
Lytechinus,2460390,L.
Drosophila,2494255,D.
Cimex,2519691,C.
Rhipicephalus,2519692,R.
Xenopus,2563247,X.
Gryllus,2565855,G.
Drosophila,2591741,D.
Schistosoma,2594413,S.
Gerbillus,2612211,G.
Meriones,2612211,M.
Psammomys,2612211,P.
Rhipicephalus,2626261,R.
Rana,2633579,R.
Strongylocentrotus,2680426,S.
Lytechinus,2680426,L.
Oryzias,2706942,O.
Mus,2717616,M.
Drosophila,2731724,D.
Drosophila,2807977,D.
Drosophila,2820057,D.
Drosophila,2829216,D.
Drosophila,2845368,D.
Drosophila,2852140,D.
Drosophila,2856231,D.
Schistosoma,2868634,S.
Bulinus,2868634,B.
Schistosoma,2882660,S.
Rattus,2882660,R.
Aedes,2903902,A.
Protomacleaya,2903902,P.
Arctocephalus,2924543,A.
Drosophila,2924882,D.
Mus,2993652,M.
Drosophila,2999793,D.
Drosophila,3108667,D.
Anopheles,3193098,A.
Cervus,3207221,C.
Rana,3262947,R.
Mus,3284594,M.
Bacillus,3326519,B.
Schistosoma,3357699,S.
Biomphalaria,3357699,B.
Drosophila,3366631,D.
Schistosoma,3397516,S.
Schistosoma,3448774,S.
Tricula,3448774,T.
Robertsiella,3448774,R.
Rhipicephalus,3451867,R.
Drosophila,3462736,D.
Chironomus,3502966,C.
Anopheles,3504904,A.
Aedes,3504907,A.
Lonchura,3507345,L.
Psammomys,3508260,P.
Canis,3508260,C.
Xiphophorus,3612059,X.
Drosophila,3623079,D.
Salmo,3623080,S.
Salvelinus,3623080,S.
Lytechinus,3678826,L.
Salvelinus,3691187,S.
Schistosoma,3725328,S.
Bulinus,3725328,B.
Praomys,3725328,P.
Mastomys,3725328,M.
Schistosoma,3725329,S.
Drosophila,3781872,D.
Cercopithecus,3876066,C.
Culex,3880228,C.
Drosophila,3926562,D.
Drosophila,3930429,D.
Xenopus,3972177,X.
Lepomis,3973559,L.
Drosophila,3987443,D.
Xenopus,3994660,X.
Aedes,4026444,A.
Stegomyia,4026444,S.
Xenopus,4038389,X.
Rana,4038389,R.
Paragonimus,4050032,P.
Trichinella,4054943,T.
Barbus,4085206,B.
Streptopelia,4117013,S.
Columba,4117013,C.
Drosophila,4213125,D.
Drosophila,4216019,D.
Drosophila,4455554,D.
Drosophila,4469613,D.
Misgurnus,4469618,M.
Brachydanio,4469618,B.
Danio,4469618,D.
Barbus,4469618,B.
Rasbora,4469618,R.
Carassius,4469618,C.
Acanthophtalmus,4469618,A.
Drosophila,4522800,D.
Aedes,4537852,A.
Aedes,4546770,A.
Stegomyia,4546770,S.
Drosophila,4624608,D.
Drosophila,4838761,D.
Macaca,4958933,M.
Macaca,4987199,M.
Drosophila,5013892,D.
Drosophila,5073854,D.
Arbacia,5253657,A.
Paracentrotus,5253657,P.
Arbacia,5256223,A.
Paracentrotus,5256223,P.
Anopheles,5306541,A.
Anopheles,5306543,A.
Anopheles,5309520,A.
Xenopus,5641404,X.
Rana,5641404,R.
Lepus,5858029,L.
Drosophila,6093120,D.
Glossina,6093300,G.
Drosophila,6126320,D.
Meigen,6126320,M.
Drosophila,6164524,D.
Macropodus,6204560,M.
Lepomis,6240260,L.
Xenopus,6286140,X.
Borealis,6286140,B.
Drosophila,6300849,D.
Drosophila,6302276,D.
Schistosoma,6356670,S.
Bulinus,6356670,B.
Akodon,6363612,A.
Rana,6490739,R.
Brugia,6505786,B.
Meriones,6505786,M.
Mus,6576092,M.
Pongo,6594304,P.
Strongylocentrotus,6617991,S.
Lytechinus,6617991,L.
Mus,6663258,M.
Mus,6663259,M.
Simulium,6710602,S.
Salvelinus,6747263,S.
Mus,6757236,M.
Peromyscus,6757375,P.
Drosophila,6766221,D.
Drosophila,6803758,D.
Mus,6812867,M.
Trichinella,6827435,T.
Caenorhabditis,6959141,C.
Drosophila,6959141,D.
Aedes,7069190,A.
Anopheles,7080162,A.
Cercopithecus,7095658,C.
Nematospiroides,7122127,N.
Mus,7122127,M.
Cercopithecus,7129256,C.
Lemur,7175826,L.
Drosophila,7200915,D.
Brachydanio,7264578,B.
Tetrahymena,7276520,T.
Streptopelia,7276528,S.
Macropus,7327045,M.
Wallabia,7327045,W.
Macropus,7389514,M.
Wallabia,7389514,W.
Lemur,7419135,L.
Mus,7431295,M.
Schistosoma,7434427,S.
Bombina,7575392,B.
Drosophila,7591831,D.
Drosophila,7591836,D.
Culex,7602173,C.
Drosophila,7605674,D.
Boophilus,7628244,B.
Drosophila,7632441,D.
Drosophila,7635285,D.
Gata,7665171,G.
Mus,7665171,M.
Choristoneura,7715447,C.
Bombyx,7715447,B.
Anopheles,7721071,A.
Luxilus,7735524,L.
Drosophila,7791899,D.
Xiphophorus,7805027,X.
Rattus,7831094,R.
Syphacia,7831094,S.
Allonemobius,7890927,A.
Myzus,7894746,M.
Bufo,7896129,B.
Mus,7910582,M.
Macaca,8003347,M.
Schistosoma,8019888,S.
Drosophila,8056308,D.
Drosophila,8056310,D.
Tribolium,8150655,T.
Tribolium,8150656,T.
Mus,8188294,M.
Gambusia,8197186,G.
Drosophila,8206363,D.
Drosophila,8206365,D.
Drosophila,8224853,D.
Drosophila,8224857,D.
Xenopus,8270095,X.
Daphnia,8277855,D.
Anopheles,8279641,A.
Balaenoptera,8308901,B.
Drosophila,8316215,D.
Lutzomyia,8333579,L.
Drosophila,8335085,D.
Drosophila,8335477,D.
Daphnia,8346220,D.
Ixodes,8433346,I.
Drosophila,8436277,D.
Eulemur,8449031,E.
Rana,8458253,R.
Drosophila,8476394,D.
Peromyscus,8495994,P.
Drosophila,8496066,D.
Drosophila,8514134,D.
Drosophila,8514135,D.
Drosophila,8514139,D.
Drosophila,8557305,D.
Hyla,8568210,H.
Drosophila,8569692,D.
Drosophila,8600389,D.
Mus,8661719,M.
Drosophila,8682693,D.
Rana,8743018,R.
Drosophila,8765678,D.
Drosophila,8801221,D.
Xiphophorus,8806224,X.
Drosophila,9071584,D.
Drosophila,9081860,D.
Drosophila,9093852,D.
Drosophila,9093854,D.
Drosophila,9093855,D.
Drosophila,9134705,D.
Morone,9157680,M.
Thomomys,9161013,T.
Lepus,9161014,L.
Paramacropostrongylus,9193941,P.
Macropus,9193941,M.
Drosophila,9206663,D.
Tropidophoxinellus,9215902,T.
Leuciscus,9215902,L.
Poeciliopsis,9222599,P.
Rana,9244766,R.
Mus,9258682,M.
Rana,9293636,R.
Bos,9345913,B.
Poecilia,9357168,P.
Macaca,9359964,M.
Dermacentor,9363622,D.
Gryllus,9369011,G.
Rana,9377180,R.
Cervus,9378911,C.
Bos,9378912,B.
Equus,9378914,E.
Petrogale,9378915,P.
Thylogale,9378915,T.
Tribolium,9383066,T.
Tridentiger,9402736,T.
Anopheles,9409838,A.
Drosophila,9440264,D.
Ceratitis,9440264,C.
Trirhithrum,9440264,T.
Drosophila,9474773,D.
Drosophila,9487683,D.
Oesophagostomum,9491418,O.
Cirrhina,9549057,C.
Clarias,9549057,C.
Catla,9549057,C.
Labeo,9549057,L.
Heteropneustes,9549057,H.
Suncus,9549061,S.
Drosophila,9649532,D.
Xiphophorus,9661661,X.
Xiphophorus,9691046,X.
Xiphophorus,9691047,X.
Xela,9691047,X.
Ceratophyllus,9701924,C.
Schistosoma,9762560,S.
Echinostoma,9778635,E.
Nasonia,9800369,N.
Peromyscus,9843208,P.
Drosophila,9879012,D.
Rattus,9879738,R.
Canis,9919703,C.
Schistosoma,9921356,S.
Biomphalaria,9921356,B.
Rana,10051613,R.
Poeciliopsis,10051613,P.
Heliocidaris,10101127,H.
Drosophila,10406110,D.
Mus,10463348,M.
Lepus,10509140,L.
Oryctolagus,10509140,O.
Phoxinus,10531553,P.
Dendroica,10564448,D.
Austropotamobius,10652073,A.
Nezara,10653190,N.
Drosophila,10706624,D.
Drosophila,10747067,D.
Anopheles,10772574,A.
Hyla,10773656,H.
Drosophila,10783530,D.
Phyllotis,10783533,P.
Drosophila,10790397,D.
Caenorhabditis,10819307,C.
Drosophila,10978291,D.
Saimiri,10991789,S.
Triatoma,10998206,T.
Rhodnius,10998206,R.
Daphnia,11091309,D.
Glossina,11126547,G.
Bombina,11131340,B.
Darevskia,11138937,D.
Drosophila,11138943,D.
Mus,11139514,M.
Hela,11181153,H.
Sebastes,11251794,S.
Drosophila,11263748,D.
Bacillus,11286500,B.
Drosophila,11294608,D.
Allonemobius,11298974,A.
Saguinus,11329167,S.
Oncorhynchus,11348501,O.
Heliconius,11357131,H.
Drosophila,11411052,D.
Parnassius,11421120,P.
Fasciola,11426578,F.
Nasonia,11430644,N.
Danio,11466528,D.
Leuciscus,11467433,L.
Mytilus,11488971,M.
Cottus,11535642,C.
Nasonia,11545534,N.
Xiphophorus,11555667,X.
Chorthippus,11681738,C.
Gryllus,11681738,G.
Bombina,11681738,B.
Daphnia,11703505,D.
Gila,11761063,G.
Hexagrammos,11785293,H.
Mytilus,11785301,M.
Rana,11794790,R.
Leuciscus,11841181,L.
Schistosoma,11862993,S.
Bulinus,11862993,B.
Eisenia,11869351,E.
Carabus,11903896,C.
Ohomopterus,11903896,O.
Drosophila,11922103,D.
Ctenophorus,11926505,C.
Macaca,11953944,M.
Geospiza,11976447,G.
Ochthebius,11986868,O.
Calobius,11986868,C.
Triturus,11987463,T.
Schistosoma,12003064,S.
Acropora,12065836,A.
Heterodera,12099348,H.
Eulemur,12111681,E.
Acropora,12144658,A.
Mata,12183574,M.
Bombina,12187852,B.
Penella,12187852,P.
Heliconius,12196397,H.
Drosophila,12196397,D.
Drosophila,12206367,D.
Mus,12356091,M.
Spea,12389729,S.
Rana,12414311,R.
Drosophila,12424521,D.
Sorex,12438784,S.
Ellobius,12438791,E.
Anopheles,12442891,A.
Drosophila,12463349,D.
Gryllus,12487359,G.
Schistosoma,12541068,S.
Drosophila,12555781,D.
Poecilia,12555788,P.
Mollienesia,12555788,M.
Drosophila,12583583,D.
Morone,12586484,M.
Drosophila,12586709,D.
Protopolystoma,12633651,P.
Xenopus,12633651,X.
Trichinella,12633658,T.
Drosophila,12645818,D.
Drosophila,12645819,D.
Drosophila,12659009,D.
Lepus,12679072,L.
Hyalomma,12679078,H.
Bactrocera,12714981,B.
Drosophila,12733664,D.
Schistosoma,12741512,S.
Acraea,12750316,A.
Drosophila,12752761,D.
Papilio,12755875,P.
Schistosoma,12760671,S.
Biomphalaria,12760671,B.
Drosophila,12773816,D.
Hyla,12778558,H.
Aotus,12790410,A.
Drosophila,12796457,D.
Drosophila,12802326,D.
Ainohelix,12803638,A.
Triturus,12803641,T.
Drosophila,12815450,D.
Phratora,12823861,P.
Mytilus,12836823,M.
Bombina,12886280,B.
Anura,12886280,A.
Rhopalosiphum,12894937,R.
Poecilia,12894946,P.
Schistosoma,12895279,S.
Schistosoma,12895287,S.
Kumba,12895287,K.
Drosophila,12897869,D.
Ctenomys,12903742,C.
Drosophila,12930747,D.
Drosophila,12930748,D.
Drosophila,12939619,D.
Solenopsis,12940361,S.
Heliocidaris,12950627,H.
Pseudoboletia,12950627,P.
Holopneustes,12950627,H.
Schistosoma,12964826,S.
Bulinus,12964826,B.
Morone,12969655,M.
Xiphophorus,13679027,X.
Anopheles,14278002,A.
Bombina,14503629,B.
Anura,14503629,A.
Drosophila,14508499,D.
Aotus,14617030,A.
Oryzias,14624037,O.
Drosophila,14628919,D.
Callipepla,14628928,C.
Oncorhynchus,14629366,O.
Uroderma,14629379,U.
Bathymodiolus,14629398,B.
Cyprinodon,14632223,C.
Timarcha,14635898,T.
Salvelinus,14640405,S.
Cobitis,14640419,C.
Bos,14662148,B.
Anopheles,14666125,A.
Drosophila,14686533,D.
Bactrocera,14686607,B.
Anopheles,14744026,A.
Rana,14745102,R.
Drosophila,14745823,D.
Spea,14761062,S.
Geospiza,14761069,G.
Salmo,14962987,S.
Oncorhynchus,14962987,O.
Coregonus,14962987,C.
Nilaparvata,14977136,N.
Marasmia,14977136,M.
Chorthippus,15000654,C.
Ficedula,15009256,F.
Daphnia,15009265,D.
Oreochromis,15010491,O.
Tilapia,15010491,T.
Brachyteles,15010578,B.
Drosophila,15020468,D.
Montastraea,15068349,M.
Anodonta,15078447,A.
Cobitis,15098446,C.
Sabanejewia,15098446,S.
Oreochromis,15123169,O.
Tilapia,15123169,T.
Morone,15123315,M.
Peromyscus,15124229,P.
Mus,15124229,M.
Drosophila,15133193,D.
Alcyonium,15140093,A.
Bellonella,15140093,B.
Pegoscapus,15140104,P.
Drosophila,15154554,D.
Liolaemus,15154559,L.
Squamata,15154559,S.
Drosophila,15184657,D.
Drosophila,15208709,D.
Callipepla,15212391,C.
Simulium,15218904,S.
Mustela,15226002,M.
Cynotilapia,15245419,C.
Metriaclima,15245419,M.
Phoxinus,15266975,P.
Ambystoma,15266977,A.
Cobitis,15277723,C.
Cobitis,15303339,C.
Cobitis,15303340,C.
Cobitis,15303342,C.
Cobitis,15303347,C.
Cobitis,15303348,C.
Chiasmata,15303348,C.
Aphelocoma,15315684,A.
Oncorhynchus,15315688,O.
Squalius,15315691,S.
Geospiza,15341160,G.
Chaitophorus,15354192,C.
Aculops,15354192,A.
Sesamia,15384358,S.
Colias,15454539,C.
Xiphophorus,15454549,X.
Danio,15454549,D.
Drosophila,15486701,D.
Anthocidaris,15514472,A.
Mespilia,15514472,M.
Toxopneustes,15514472,T.
Clypeaster,15514472,C.
Astriclypeus,15514472,A.
Mus,15521462,M.
Podisma,15521646,P.
Bombina,15536484,B.
Anura,15536484,A.
Oncorhynchus,15548287,O.
Rhagoletis,15591346,R.
Poeciliopsis,15598712,P.
Urophora,15609551,U.
Plutella,15612282,P.
Allonemobius,15612285,A.
Salmo,15612571,S.
Salvelinus,15648151,S.
Ochlerotatus,15654112,O.
Mytilus,15660932,M.
Drosophila,15663255,D.
Chaitophorus,15666751,C.
Homoptera,15666751,H.
Drosophila,15678745,D.
Cichla,15703041,C.
Heliconius,15715831,H.
Carassius,15771088,C.
Hybognathus,15773952,H.
Dendroica,15801615,D.
Nomonyx,15805009,N.
Oxyura,15805009,O.
Plethodon,15813784,P.
Phyllocnistis,15834698,P.
Cichla,15841438,C.
Chorthippus,15842499,C.
Strongylocentrotus,15856696,S.
Trichosurus,15856789,T.
Rhopalosiphum,15889754,R.
Homoptera,15889754,H.
Diuraphis,15889754,D.
Schistosoma,15906648,S.
Biomphalaria,15906648,B.
Acanthoxyla,15910332,A.
Clitarchus,15910332,C.
Drosophila,15911585,D.
Cyrtodiopsis,15926694,C.
Lepidiolamprologus,15964213,L.
Neolamprologus,15964213,N.
Lamprologus,15964213,L.
Altolamprologus,15964213,A.
Lepus,15969727,L.
Cantabria,15969727,C.
Poeciliopsis,15972455,P.
Drosophila,15972457,D.
Macaca,15996717,M.
Drosophila,16011001,D.
Heteronotia,16029476,H.
Anopheles,16033116,A.
Myzus,16047739,M.
Ensatina,16050109,E.
Rana,16050110,R.
Equus,16060497,E.
Macaca,16096901,M.
Bactrocera,16124255,B.
Equus,16130463,E.
Anopheles,16136801,A.
Drosophila,16136803,D.
Mnais,16141700,M.
Drosophila,16143608,D.
Drosophila,16175456,D.
Campeloma,16191628,C.
Helicoverpa,16197561,H.
Galerida,16202098,G.
Spermophilus,16240632,S.
Triatoma,16247698,T.
Asterias,16260771,A.
Ficedula,16313454,F.
Are,16313469,A.
Rana,16313469,R.
Mandarina,16329242,M.
Sesamia,16334341,S.
Tetranychus,16334344,T.
Alosa,16398144,A.
Trichechus,16448411,T.
Autographa,16478634,A.
Spodoptera,16478634,S.
Bombyx,16478634,B.
Cyprinodon,16499693,C.
Xiphophorus,16499697,X.
Syngnathus,16499704,S.
Drosophila,16510788,D.
Drosophila,16526506,D.
Drosophila,16526507,D.
Chrysochus,16526511,C.
Ficedula,16526517,F.
Timarcha,16557341,T.
Drosophila,16570069,D.
Thalassoma,16581267,T.
Sus,16612336,S.
Bombina,16637503,B.
Anura,16637503,A.
Cyanoramphus,16638008,C.
Gekko,16648994,G.
Squamata,16648994,S.
Lyciasalamandra,16674567,L.
Magicicada,16674582,M.
Phrynosoma,16689900,P.
Anguilla,16689906,A.
Mata,16696655,M.
Mytilus,16720399,M.
Helicoverpa,16736191,H.
Spermophilus,16756072,S.
Citellus,16756072,C.
Colobotis,16756072,C.
Spermophilus,16756073,S.
Manduca,16762034,M.
Heliconius,16778888,H.
Ficedula,16780521,F.
Plectropomus,16806990,P.
Litoria,16824041,L.
Haemonchus,16828228,H.
Heliconius,16892975,H.
Timema,16900317,T.
Drosophila,16905873,D.
Xiphophorus,16914385,X.
Spermophilus,16915930,S.
Citellus,16915930,C.
Colobotis,16915930,C.
Canis,16922243,C.
Oryzias,16941651,O.
Drosophila,16951071,D.
Drosophila,16960009,D.
Boophilus,16978472,B.
Rhagoletis,16985190,R.
Squalius,16989992,S.
Anaecypris,16989992,A.
Paa,16989992,P.
Drosophila,17014740,D.
Sorex,17017071,S.
Myotis,17018432,M.
Drosophila,17028333,D.
Drosophila,17032063,D.
Drosophila,17032727,D.
Cyprinodon,17040380,C.
Tigriopus,17040401,T.
Apis,17068261,A.
Drosophila,17075830,D.
Drosophila,17080365,D.
Drosophila,17124320,D.
Lycaeides,17138866,L.
Culex,17162958,C.
Drosophila,17183474,D.
Mus,17208932,M.
Fundulus,17210008,F.
Chorthippus,17210019,C.
Danio,17211516,D.
Gobiocypris,17211516,G.
Fenneropenaeus,17215142,F.
Pogonomyrmex,17217351,P.
Peromyscus,17242862,P.
Phlebotomus,17249339,P.
Lepus,17257116,L.
Morone,17263302,M.
Xenopus,17268187,X.
Cichla,17275345,C.
Eulemur,17294429,E.
Lemur,17294429,L.
Hyles,17300430,H.
Rana,17305831,R.
Sceloporus,17305859,S.
Alouatta,17310403,A.
Peromyscus,17339267,P.
Tribolium,17348915,T.
Squalius,17351916,S.
Lepus,17362337,L.
Fundulus,17391270,F.
Falco,17391272,F.
Chondrostoma,17406681,C.
Drosophila,17409061,D.
Mytilus,17439610,M.
Chorthippus,17440734,C.
Apidae,17461045,A.
Apis,17461045,A.
Varroa,17461045,V.
Acarapis,17461045,A.
Ficedula,17465896,F.
Tigriopus,17465929,T.
Pseudacris,17562372,P.
Tegenaria,17598745,T.
Triatoma,17612773,T.
Laupala,17614904,L.
Drosophila,17647081,D.
Anopheles,17659361,A.
Camelus,17671843,C.
Lama,17671843,L.
Anas,17683440,A.
Mata,17708680,M.
Xenopus,17712429,X.
Lucania,17714313,L.
Leptynia,17725570,L.
Macoma,17725573,M.
Eurosta,17725623,E.
Magicicada,17849021,M.
Ostrinia,17849861,O.
Carabus,17867845,C.
Fejervarya,17867856,F.
Phoxinus,17892466,P.
Drosophila,17893743,D.
Macoma,17894754,M.
Delena,17908166,D.
Diatraea,17916262,D.
Ostrinia,17916262,O.
Alouatta,17938857,A.
Crotaphytus,17941840,C.
Gambelia,17941840,G.
Mata,17947421,M.
Gyrodactylus,17971088,G.
Poecilia,17980594,P.
Oryzias,17983366,O.
Mus,18005156,M.
Drosophila,18026889,D.
Hakuna,18073782,H.
Caenorhabditis,18073782,C.
Tigriopus,18081717,T.
Mauremys,18179513,M.
Nasonia,18202384,N.
Drosophila,18207084,D.
Pyrrhalta,18232397,P.
Cheng,18232397,C.
Mytilus,18258776,M.
Pocillopora,18302690,P.
Tamias,18302691,T.
Drosophila,18305340,D.
Xenopus,18331635,X.
Nerodia,18346128,N.
Sorex,18355184,S.
Bos,18367505,B.
Xenopus,18367505,X.
Mus,18367505,M.
Rana,18373588,R.
Pogonomyrmex,18373626,P.
Culex,18402135,C.
Culex,18402144,C.
Melanoconion,18402144,M.
Helicoverpa,18405915,H.
Diploptera,18406421,D.
Lasioglossum,18488138,L.
Morone,18500027,M.
Danio,18500027,D.
Lepus,18508749,L.
Daphnia,18508753,D.
Daphnia,18508758,D.
Crustacea,18508758,C.
Cladocera,18508758,C.
Squalius,18522919,S.
Callosobruchus,18563309,C.
Heliconius,18579480,H.
Crocodylus,18626922,C.
Equus,18636282,E.
Crocodylus,18646197,C.
Alouatta,18654738,A.
Anopheles,18666525,A.
Maculatus,18666525,M.
Gryllus,18685571,G.
Anopheles,18685865,A.
Maculatus,18685865,M.
Xiphophorus,18692156,X.
Astropecten,18723640,A.
Aceria,18752612,A.
Drosophila,18755760,D.
Rupicapra,18796461,R.
Crocodylus,18800373,C.
Acanthopagrus,18800995,A.
Nasonia,18811665,N.
Aphis,18826665,A.
Heliconius,18828780,H.
Culex,18836146,C.
Canis,18841199,C.
Alouatta,18855099,A.
Papilio,18949489,P.
Echinocardium,18949506,E.
Strongylocentrotus,18949506,S.
Schistosoma,18992007,S.
Pelophylax,19017263,P.
Rhogeessa,19038350,R.
Anopheles,19058629,A.
Strongylocentrotus,19073555,S.
Mus,19085233,M.
Drosophila,19087181,D.
Heteroptera,19135177,H.
Triatoma,19135177,T.
Triturus,19154385,T.
Cervus,19175500,C.
Anopheles,19181054,A.
Eulemur,19196458,E.
Drosophila,19197064,D.
Strongylocentrotus,19222750,S.
Mus,19243513,M.
Pelophylax,19245393,P.
Ficedula,19245675,F.
Anguilla,19302349,A.
Artemia,19306934,A.
Bradybaena,19341339,B.
Limenitis,19369265,L.
Crex,19370089,C.
Diuraphis,19370091,D.
Androctonus,19388601,A.
Leporinus,19420928,L.
Leporinus,19430915,L.
Macaca,19457196,M.
Myodes,19460158,M.
Bombus,19473395,B.
Paralichthys,19488828,P.
Drosophila,19508411,D.
Pelophylax,19527499,P.
Rana,19549350,R.
Gyrinicola,19549350,G.
Echinostome,19549350,E.
Haplometra,19549350,H.
Bursaphelenchus,19557337,B.
Ambystoma,19564601,A.
Pseudacris,19564601,P.
Taricha,19564601,T.
Ctenotus,19580879,C.
Squamata,19580879,S.
Culex,19584006,C.
Pseudochondrostoma,19585245,P.
Achondrostoma,19585245,A.
Drosophila,19590966,D.
Oreochromis,19602446,O.
Adelges,19610445,A.
Gryllus,19619226,G.
Lutzomyia,19637685,L.
Drosophila,19667135,D.
Drosophila,19686263,D.
Littorina,19690967,L.
Anopheles,19706923,A.
Schistosoma,19730700,S.
Bulinus,19730700,B.
Drosophila,19731208,D.
Drosophila,19744120,D.
Paropsis,19777311,P.
Lamprologus,19780975,L.
Neolamprologus,19780975,N.
Triatoma,19786121,T.
Nothobranchius,19786620,N.
Cynotilapia,19793202,C.
Pseudotropheus,19793202,P.
Salmo,19821045,S.
Gyrodactylus,19821045,G.
Drosophila,19841095,D.
Drosophila,19859525,D.
Bufo,19863582,B.
Drosophila,19891626,D.
Culex,19895687,C.
Poephagus,19917041,P.
Bos,19917041,B.
Drosophila,19917764,D.
Drosophila,19933102,D.
Papilio,19937057,P.
Nilaparvata,19967400,N.
Homoptera,19967400,H.
Camelus,19968638,C.
Anopheles,19996431,A.
Hyrcanus,19996431,H.
Graomys,20047733,G.
Triatoma,20064999,T.
Phyllosoma,20064999,P.
Talpa,20064999,T.
Allende,20064999,A.
Acanthopagrus,20070520,A.
Dactylopius,20074385,D.
Nasonia,20087389,N.
Solenopsis,20093136,S.
Camponotus,20093136,C.
Pseudacris,20100218,P.
Cervus,20102517,C.
Merluccius,20138222,M.
Suncus,20138225,S.
Erinaceus,20143638,E.
Canis,20160760,C.
Geospiza,20194169,G.
Acrocnida,20213533,A.
Alouatta,20217179,A.
Rhinolophus,20298473,R.
Hexagrammos,20345669,H.
Coregonus,20350300,C.
Drosophila,20351771,D.
Pelophylax,20374490,P.
Scania,20374490,S.
Cobitis,20416382,C.
Macrogyrodactylus,20444301,M.
Clarias,20444301,C.
Carassius,20458966,C.
Hyla,20492086,H.
Drosophila,20550800,D.
Drosophila,20551040,D.
Lymantria,20568617,L.
Mytilus,20570850,M.
Henneguya,20575362,H.
Ictalurus,20575362,I.
Macaca,20579289,M.
Pelophylax,20587049,P.
Pterodroma,20618891,P.
Lycaeides,20618903,L.
Lymantria,20628417,L.
Acanthopagrus,20646166,A.
Drosophila,20647504,D.
Holacanthus,20735563,H.
Barbus,20735568,B.
Salvelinus,20735572,S.
Salmo,20735572,S.
Centropyge,20738508,C.
Daphnia,20819161,D.
Plethodon,20819165,P.
Caenorhabditis,20823339,C.
Rotylenchulus,20845024,R.
Canis,20854277,C.
Drosophila,20855573,D.
Bactrocera,20857713,B.
Madracis,20863897,M.
Caranx,20881031,C.
Haliotis,20938796,H.
Heliothis,20946534,H.
Drosophila,20958812,D.
Amblyomma,20972702,A.
Alosa,21039495,A.
Canis,21040036,C.
Ciona,21044056,C.
Geospiza,21048082,G.
Mamestra,21061991,M.
Cabeza,21061991,C.
Larus,21067625,L.
Amblyseius,21072570,A.
Frankliniella,21072570,F.
Dreissena,21077373,D.
Drosophila,21079940,D.
Lissotriton,21081968,L.
Drosophila,21121913,D.
Drosophila,21144061,D.
Xiphophorus,21210879,X.
Toxoptera,21225429,T.
Ivia,21225429,I.
Botanophila,21244433,B.
Mustela,21244536,M.
Anaxyrus,21255664,A.
Orius,21265614,O.
Heteroptera,21265614,H.
Papio,21274900,P.
Amblyomma,21286933,A.
Anopheles,21292978,A.
Daphnia,21294799,D.
Eulemur,21312177,E.
Salmo,21325021,S.
Ophthalmotilapia,21325093,O.
Mytilus,21360686,M.
Anguilla,21396126,A.
Carcinus,21423759,C.
Solea,21426433,S.
Alectoris,21429120,A.
Dendroica,21435063,D.
Drosophila,21443648,D.
Steinernema,21447341,S.
Crocodylus,21462351,C.
Lepus,21463697,L.
Kikihia,21471306,K.
Astyanax,21474315,A.
Bemisia,21476990,B.
Canis,21486372,C.
Drosophila,21540637,D.
Cyprinella,21541803,C.
Gryllus,21573165,G.
Oryzias,21587303,O.
Pterodroma,21655247,P.
Arion,21656300,A.
Noctua,21656300,N.
Metrioptera,21656300,M.
Gastrophysa,21656300,G.
Triatoma,21661335,T.
Phyllosoma,21661335,P.
Meccus,21661335,M.
Cynoscion,21670172,C.
Maccullochella,21722117,M.
Lepus,21729051,L.
Drosophila,21729052,D.
Dendroica,21739625,D.
Daphnia,21756366,D.
Nasutitermes,21761130,N.
Passer,21762432,P.
Lymnaea,21767319,L.
Ischnura,21767355,I.
Fasciola,21767436,F.
Passer,21771138,P.
Tamiasciurus,21771139,T.
Ostrinia,21772289,O.
Mus,21782438,M.
Liolaemus,21798358,L.
Anopheles,21836185,A.
Felis,21846752,F.
Erinaceus,21863052,E.
Tamias,21878471,T.
Neotamias,21878471,N.
Cyanistes,21880092,C.
Drosophila,21900263,D.
Xenopus,21914783,X.
Atrina,21923775,A.
Anopheles,21933220,A.
Rhinella,21939538,R.
Heliothis,21948202,H.
Sceloporus,21980539,S.
Oreochromis,21982852,O.
Microcebus,21989384,M.
Oreochromis,22006805,O.
Sarotherodon,22006805,S.
Tigriopus,22016434,T.
Macquaria,22026603,M.
Poecilia,22061426,P.
Gryllus,22092687,G.
Chlamys,22110617,C.
Mimachlamys,22110617,M.
Altica,22110767,A.
Mus,22116807,M.
Peromyscus,22116807,P.
Hylobates,22127502,H.
Scaphirhynchus,22141890,S.
Meretrix,22160517,M.
Maruca,22179194,M.
Megalurothrips,22179194,M.
Clavigralla,22179194,C.
Marenzelleria,22185356,M.
Sitta,22192449,S.
Heteronotia,22192477,H.
Drosophila,22201171,D.
Kerria,22221325,K.
Drosophila,22224901,D.
Lissotriton,22268859,L.
Cyprinodon,22269008,C.
Octomys,22272977,O.
Octodontomys,22272977,O.
Tympanoctomys,22272977,T.
Pipanacoctomys,22272977,P.
Ficus,22281208,F.
Ogasawara,22281208,O.
Pundamilia,22289206,P.
Mbipia,22289206,M.
Taenia,22301089,T.
Ellobius,22343488,E.
Microtus,22343488,M.
Drosophila,22353244,D.
Bemisia,22377396,B.
Ischnura,22380433,I.
Colias,22380442,C.
Sorex,22380446,S.
Acrocephalus,22384052,A.
Drosophila,22384069,D.
Carassius,22420218,C.
Tinca,22420218,T.
Drosophila,22457639,D.
Ramphocelus,22458210,R.
Caenorhabditis,22486697,C.
Ochthebius,22486705,O.
Solenopsis,22492489,S.
Xiphophorus,22494472,X.
Frankliniella,22509325,F.
Coregonus,22509795,C.
Cliona,22510309,C.
Pione,22510309,P.
Lepidorhombus,22511945,L.
Oligosoma,22511953,O.
Chthamalus,22523127,C.
Rhipicephalus,22527838,R.
Xiphophorus,22529936,X.
Drosophila,22534282,D.
Colossoma,22534749,C.
Solenopsis,22548254,S.
Drosophila,22548254,D.
Cyprinus,22559965,C.
Spermophilus,22567871,S.
Rattus,22607228,R.
Pelophylax,22639804,P.
Caenorhabditis,22649079,C.
Pseudoboletia,22671540,P.
Caliothrips,22676974,C.
Cataglyphis,22683263,C.
Xenopus,22687652,X.
Drosophila,22694106,D.
Heliconius,22737081,H.
Lycaeides,22759293,L.
Drosophila,22759294,D.
Drosophila,22761593,D.
Eretmochelys,22780882,E.
Caretta,22780882,C.
Lepidochelys,22780882,L.
Chelonia,22780882,C.
Gyrodactylus,22808040,G.
Poecilia,22808040,P.
Clethrionomys,22813593,C.
Drosophila,22820383,D.
Drosophila,22823479,D.
Xiphophorus,22827312,X.
Carabus,22830331,C.
Drosophila,22844069,D.
Brachionus,22852831,B.
Culex,22869630,C.
Macaca,22875578,M.
Lonchophylla,22882351,L.
Anopheles,22882458,A.
Hylobates,22892937,H.
Oryzias,22897961,O.
Xiphophorus,22924335,X.
Bos,22938774,B.
Galerella,22940151,G.
Culex,22951738,C.
Caenorhabditis,22952761,C.
Caenorhabditis,22952781,C.
Drosophila,22952802,D.
Drosophila,22966762,D.
Tribolium,22976014,T.
Triturus,23013483,T.
Microtus,23017079,M.
Acanthopagrus,23020560,A.
Lucania,23025611,L.
Anopheles,23068991,A.
Apis,23079828,A.
Tongeia,23085677,T.
Heliothis,23106701,H.
Heliocidaris,23106717,H.
Montastraea,23107066,M.
Canis,23163531,C.
Gryllus,23172857,G.
Drosophila,23189033,D.
Mytilus,23199184,M.
Pseudoplatystoma,23208250,P.
Cataglyphis,23216892,C.
Siniperca,23224590,S.
Alouatta,23225250,A.
Cochliomyia,23270181,C.
Rattus,23278980,R.
Heliothis,23294019,H.
Litoria,23294099,L.
Gryllus,23294288,G.
Anaxyrus,23300785,A.
Naso,23305496,N.
Salmo,23331146,S.
Gyrodactylus,23331146,G.
Squaliobarbus,23350634,S.
Ctenopharyngodon,23350634,C.
Trachemys,23353072,T.
Anopheles,23360106,A.
Xiphophorus,23360326,X.
Pteronotus,23360354,P.
Lissotriton,23379646,L.
Paragonimus,23384812,P.
Topo,23384812,T.
Ba,23389776,B.
Nasonia,23390597,N.
Schistocephalus,23390985,S.
Culex,23401941,C.
Culex,23401946,C.
Culex,23401948,C.
Culex,23401949,C.
Stigmaeopsis,23404178,S.
Gryllus,23410054,G.
Ictalurus,23435177,I.
Tyria,23435642,T.
Manacus,23441849,M.
Apidae,23443762,A.
Picinguaba,23443762,P.
Anchieta,23443762,A.
Euglossa,23443762,E.
Eulaema,23443762,E.
Etheostoma,23443763,E.
Phratora,23456345,P.
Acropora,23457605,A.
Culex,23466890,C.
Takifugu,23520511,T.
Ficedula,23576780,F.
Luscinia,23577089,L.
Drosophila,23593487,D.
Schistosoma,23593513,S.
Argopecten,23620828,A.
Drosophila,23639891,D.
Gasterosteus,23663028,G.
Pungitius,23663028,P.
Anolis,23663090,A.
Oreochromis,23664914,O.
Oreochromis,23671704,O.
Meloidogyne,23682915,M.
Passer,23695379,P.
Papilio,23737327,P.
Scomberomorus,23774068,S.
Myrmeciza,23786305,M.
Gasterosteus,23808695,G.
Bos,23824223,B.
Leptidea,23827501,L.
Triatoma,23850508,T.
Alpheus,23859595,A.
Eulemur,23865455,E.
Sebastes,23865985,S.
Ostrinia,23874914,O.
Wiebesia,23879300,W.
Daphnia,23879327,D.
Bufo,23880535,B.
Anura,23880535,A.
Littorina,23887893,L.
Tigriopus,23902912,T.
Mimus,23906599,M.
Oedaleonotus,23909914,O.
Leptysma,23909914,L.
Dichroplus,23909914,D.
Sinipta,23909914,S.
Cornops,23909914,C.
Drosophila,23909914,D.
Altica,23927410,A.
Euphydryas,23927539,E.
Paa,23936199,P.
Drosophila,23944628,D.
Lysandra,23954756,L.
Hypophthalmichthys,23957862,H.
Madracis,23967185,M.
Oncorhynchus,23968234,O.
Poecilia,23976979,P.
Andrena,23981167,A.
Globicephala,23990883,G.
Ictalurus,23991936,I.
Anas,23994490,A.
Phyllomedusa,24001221,P.
Anura,24001221,A.
Coridromius,24021406,C.
Drosophila,24039910,D.
Phratora,24040084,P.
Triatoma,24041592,T.
Drosophila,24043293,D.
Phytomyza,24058509,P.
Midas,24086393,M.
Amphilophus,24086393,A.
Gila,24096056,G.
Moapa,24096056,M.
Acrocheilus,24096056,A.
Barbus,24103005,B.
Drosophila,24118420,D.
Bothrops,24140980,B.
Squamata,24140980,S.
Serra,24140980,S.
Noctilio,24149076,N.
Lepus,24149657,L.
Neotoma,24152220,N.
Arion,24164457,A.
Carinarion,24164457,C.
Giraffa,24194870,G.
Oophaga,24194888,O.
Sitobion,24205793,S.
Homoptera,24205793,H.
Acipenser,24219811,A.
Ostrinia,24220089,O.
Cataglyphis,24225458,C.
Leptocoris,24237450,L.
Spea,24261446,S.
Drosophila,24265807,D.
Leopardus,24291091,L.
Anura,24304922,A.
Pelophylax,24304922,P.
Dyscophus,24308649,D.
Rhagoletis,24331621,R.
Haliotis,24333918,H.
Tamiasciurus,24351034,T.
Rhagoletis,24351094,R.
Manacus,24373504,M.
Abramis,24383808,A.
Rutilus,24383808,R.
Paralichthys,24390013,P.
Acipenser,24410899,A.
Passer,24415954,P.
Stenella,24421898,S.
Bos,24436206,B.
Channa,24438305,C.
Apis,24443879,A.
Anopheles,24443885,A.
Hyrcanus,24443885,H.
Peromyscus,24445420,P.
Mus,24445420,M.
Rattus,24445420,R.
Muscardinus,24446300,M.
Vipera,24447270,V.
Alosa,24450302,A.
Megalobrama,24450716,M.
Parabramis,24450716,P.
Microtus,24450982,M.
Clarias,24453842,C.
Drosophila,24460929,D.
Canis,24466077,C.
Lutzomyia,24473807,L.
Pseudacris,24475782,P.
Hyalinobatrachium,24491102,H.
Anura,24491102,A.
Nilaparvata,24504629,N.
Laodelphax,24504629,L.
Sogatella,24504629,S.
Drosophila,24526311,D.
Lepus,24548010,L.
Anopheles,24581355,A.
Hyrcanus,24581355,H.
Argyrosomus,24582737,A.
Lolliguncula,24586371,L.
Poecile,24613306,P.
Pantosteus,24619087,P.
Catostomus,24619087,C.
Ovis,24629771,O.
Helicoverpa,24632377,H.
Heliothis,24632377,H.
Xenopus,24632377,X.
Drosophila,24651406,D.
Alouatta,24668503,A.
Gryllus,24678642,G.
Capreolus,24697866,C.
Dryas,24697866,D.
Steinernema,24698548,S.
Anastrepha,24702958,A.
Glossina,24709401,G.
Bufo,24713825,B.
Drosophila,24723419,D.
Etheostoma,24724945,E.
Dendroctonus,24736784,D.
Neotoma,24737782,N.
Drosophila,24743238,D.
Chaetodon,24750170,C.
Cottus,24750456,C.
Argyrosomus,24753154,A.
Drosophila,24773151,D.
Setophaga,24779396,S.
Tamias,24781803,T.
Mytilus,24788603,M.
Haliotis,24794582,H.
Myxobolus,24811066,M.
Gonioctena,24821620,G.
Musca,24824066,M.
Neolucanus,24837623,N.
Tetranychus,24865602,T.
Eukoenenia,24870312,E.
Oligonychus,24871093,O.
Pelophylax,24885008,P.
Zosterops,24885807,Z.
Graomys,24894511,G.
Lucania,24898707,L.
Oryzias,24898707,O.
Hexagrammos,24903212,H.
Hadena,24905986,H.
Tragelaphus,24906427,T.
Mytilus,24913446,M.
Drosophila,24920013,D.
Lagothrix,24931730,L.
Lagotrix,24931730,L.
Homo,24932746,H.
Ficus,24938182,F.
Anairetes,24943893,A.
Phelsuma,24963708,P.
Cobitis,24971792,C.
Aedes,25041755,A.
Anopheles,25060488,A.
Planococcus,25091548,P.
Anopheles,25098711,A.
Lepus,25113393,L.
Poecile,25138643,P.
Ranitomeya,25158807,R.
Ascaris,25162694,A.
Trichuris,25162694,T.
Enterobius,25162694,E.
Strongyloides,25162694,S.
Drosophila,25163510,D.
Pyrrhalta,25172230,P.
Spodoptera,25177934,S.
Callithrix,25186076,C.
Caenorhabditis,25196892,C.
Helicoverpa,25219305,H.
Plutella,25219305,P.
Chelonoidis,25223395,C.
Pseudemoia,25242002,P.
Squamata,25242002,S.
Leopardus,25250657,L.
Astatotilapia,25256664,A.
Hoplias,25263542,H.
Mytilus,25268856,M.
Salamandrina,25269625,S.
Capreolus,25271423,C.
Abudefduf,25283736,A.
Nomascus,25290445,N.
Hylobates,25290445,H.
Rana,25308955,R.
Pauropsalta,25320773,P.
Crocodylus,25335559,C.
Macaca,25341523,M.
Saimiri,25348174,S.
Drosophila,25352540,D.
Prodoxus,25403722,P.
Amphiprion,25414094,A.
Tigriopus,25415967,T.
Drosophila,25417008,D.
Xiphophorus,25433083,X.
Stigmaeopsis,25433761,S.
Haemonchus,25449043,H.
Cyprinus,25470283,C.
Carassius,25470283,C.
Bactrocera,25471905,B.
Mus,25512534,M.
Crotalus,25534232,C.
Drosophila,25611516,D.
Partamona,25612643,P.
Drosophila,25616143,D.
Spermophilus,25617768,S.
Urocitellus,25617768,U.
Cyprinus,25648921,C.
Gallus,25655399,G.
Haliotis,25669609,H.
Caenorhabditis,25692300,C.
Drosophila,25692300,D.
Spodoptera,25694156,S.
Catostomus,25703195,C.
Drosophila,25711309,D.
Martes,25715474,M.
Microtus,25739313,M.
Branchiostoma,25745097,B.
Asymmetron,25745097,A.
Astyanax,25761998,A.
Cherax,25799102,C.
Ogasawara,25801258,O.
Pycnoscelus,25801258,P.
Phodopus,25801302,P.
Oreochromis,25804486,O.
Coptotermes,25806968,C.
Lucania,25811084,L.
Macronectes,25815478,M.
Drosophila,25822261,D.
Psammotettix,25837893,P.
Pocillopora,25848968,P.
Ixodes,25858121,I.
Xenopus,25871511,X.
Anelaphus,25876837,A.
Cyrtophorus,25876837,C.
Euderces,25876837,E.
Neoclytus,25876837,N.
Phymatodes,25876837,P.
Drosophila,25881167,D.
Barbus,25882833,B.
Trachypithecus,25903086,T.
Semnopithecus,25903086,S.
Papio,25903227,P.
Herpetogramma,25912226,H.
Leptodiaptomus,25915059,L.
Gadus,25919195,G.
Heliconius,25930106,H.
Cimex,25952703,C.
Heteroptera,25952703,H.
Heteroptera,25973902,H.
Apolygus,25973902,A.
Orthops,25973902,O.
Stenotus,25973902,S.
Taylorilygus,25973902,T.
Drosophila,25987248,D.
Platycercus,26021439,P.
Violania,26021439,V.
Drosophila,26022241,D.
Carassius,26030976,C.
Sitta,26037653,S.
Iguana,26046351,I.
Triatoma,26047191,T.
Phyllosoma,26047191,P.
Meccus,26047191,M.
Callithrix,26061111,C.
Megalobrama,26075479,M.
Chorthippus,26081018,C.
Hypophthalmichthys,26096550,H.
Caenorhabditis,26102479,C.
Hoplerythrinus,26102558,H.
Crotalus,26107178,C.
Darevskia,26107894,D.
Spermophilus,26107897,S.
Colobotis,26107897,C.
Simulium,26108141,S.
Ips,26112107,I.
Pseudoips,26112107,P.
Tamias,26118639,T.
Meccus,26118997,M.
Mapa,26118997,M.
Timema,26119745,T.
Pagrus,26122335,P.
Acanthopagrus,26122335,A.
Pelophylax,26141702,P.
Drosophila,26155926,D.
Brugia,26199859,B.
Caenorhabditis,26199859,C.
Mytilus,26230080,M.
Chrysoperla,26230311,C.
Piaractus,26245778,P.
Xiphophorus,26254713,X.
Mustelus,26257113,M.
Bos,26260653,B.
Equus,26294133,E.
Pelophylax,26308154,P.
Aedes,26309306,A.
Psorophora,26336224,P.
Anopheles,26336253,A.
Culex,26336296,C.
Daphnia,26351296,D.
Macaca,26354607,M.
Cottus,26354934,C.
Hippocampus,26365616,H.
Canaria,26365616,C.
Culex,26394124,C.
Strongylocentrotus,26398139,S.
Argopecten,26400299,A.
Drosophila,26436586,D.
Poecilimon,26436732,P.
Amblyomma,26438193,A.
Rhinoclemmys,26438937,R.
Meccus,26440301,M.
Haliotis,26447358,H.
Daphnia,26448651,D.
Trichinella,26458526,T.
Neoseiulus,26459378,N.
Aceria,26459378,A.
Ixodes,26460161,I.
Asellus,26462237,A.
Sinularia,26480916,S.
Oncorhynchus,26485525,O.
Drosophila,26511499,D.
Heliconius,26513426,H.
Papilio,26517268,P.
Tetranychus,26530994,T.
Anopheles,26559354,A.
Anopheles,26615027,A.
Eublepharis,26633648,E.
Chrosomus,26650583,C.
Macaca,26660683,M.
Xenopus,26672747,X.
Silurana,26672747,S.
Aedes,26675452,A.
Drosophila,26680200,D.
Spea,26717048,S.
Daphnia,26717418,D.
Nasonia,26721604,N.
Trichinella,26721624,T.
Caenorhabditis,26721896,C.
Hippotragus,26732144,H.
Lutzomyia,26735142,L.
Micropontica,26748267,M.
Daphnia,26779592,D.
Crustacea,26779592,C.
Cladocera,26779592,C.
Epinephelus,26785614,E.
Myzomela,26787267,M.
Epinephelus,26803184,E.
Barbus,26805755,B.
Ranitomeya,26807748,R.
Aythya,26833858,A.
Crassostrea,26846524,C.
Machilis,26869489,M.
Lampetra,26871930,L.
Brachionus,26880148,B.
Cynopterus,26892684,C.
Euterpe,26909625,E.
Rana,26909906,R.
Pterostichus,26914395,P.
Heliconius,26921238,H.
Xiphophorus,26937625,X.
Anopheles,26945783,A.
Catostomus,26959681,C.
Chasmistes,26959681,C.
Deltistes,26959681,D.
Drosophila,26980343,D.
Drosophila,26982327,D.
Ixodes,26984610,I.
Crassostrea,26994291,C.
Anisakis,26995720,A.
Hysterothylacium,26995720,H.
Illex,26995720,I.
Loligo,26995720,L.
Octopus,26995720,O.
Ammodramus,27000833,A.
Heliconius,27003742,H.
Tursiops,27015516,T.
Anisakis,27046418,A.
Hyla,27059098,H.
Fundulus,27062071,F.
Vipera,27068498,V.
Pseudemoia,27087435,P.
Acanthurus,27143241,A.
Crocodylus,27164458,C.
Tigriopus,27172190,T.
Helicoverpa,27173200,H.
Bemisia,27173206,B.
Pristionchus,27189551,P.
Mus,27196872,M.
Darevskia,27246100,D.
Drosophila,27268100,D.
Phaedon,27272669,P.
Bombina,27282112,B.
Anura,27282112,A.
Lineus,27286413,L.
Ficedula,27312694,F.
Squaliobarbus,27317893,S.
Crotalus,27322321,C.
Sistrurus,27322321,S.
Hirundo,27357267,H.
Papilio,27364539,P.
Pelophylax,27368375,P.
Howea,27374779,H.
Nasonia,27380029,N.
Drosophila,27440664,D.
Botia,27442252,B.
Leptobotia,27442252,L.
Sinibotia,27442252,S.
Aedes,27460445,A.
Sistrurus,27460499,S.
Potamotrygon,27470580,P.
Ambloplites,27485592,A.
Aedes,27493253,A.
Formica,27506180,F.
Globicephala,27508496,G.
Oncorhynchus,27530602,O.
Encarsia,27530694,E.
Nasonia,27530694,N.
Drosophila,27530694,D.
Acropora,27555653,A.
Drosophila,27560369,D.
Saimiri,27574183,S.
Cataglyphis,27591172,C.
Caenorhabditis,27593534,C.
Nacella,27598461,N.
Ircinia,27599575,I.
Delphinus,27599576,D.
Pundamilia,27613570,P.
Victoria,27613570,V.
Phodopus,27628130,P.
Gallus,27628130,G.
Coturnix,27628130,C.
Lumbricus,27639480,L.
Magicicada,27661077,M.
Anopheles,27661465,A.
Helicoverpa,27661785,H.
Ciona,27662427,C.
Acipenser,27692499,A.
Bucrates,27715412,B.
Drosophila,27715417,D.
Xenopus,27728911,X.
Drosophila,27729433,D.
Salmo,27730636,S.
Setophaga,27732753,S.
Pundamilia,27770466,P.
Carcharhinus,27774596,C.
Drosophila,27821433,D.
Anguilla,27827390,A.
Theileria,27840256,T.
Bos,27840256,B.
Cyprinus,27859297,C.
Schistosoma,27861520,S.
Urosaurus,27864892,U.
Haemulon,27873385,H.
Operophtera,27876095,O.
Drosophila,27883252,D.
Papilio,27900827,P.
Squalius,27906993,S.
Drosophila,27913636,D.
Pelodiscus,27993704,P.
Epinephelus,28005961,E.
Triatoma,28005972,T.
Pipilo,28009485,P.
Laricobius,28028083,L.
Adelges,28028083,A.
Gallotia,28040775,G.
Caenorhabditis,28064190,C.
Colossoma,28067606,C.
Piaractus,28067606,P.
Pholeter,28085945,P.
Bathymodiolus,28086786,B.
Drosophila,28091568,D.
Oecanthus,28096428,O.
Neodiprion,28103815,N.
Gyrodactylus,28105680,G.
Salmo,28105680,S.
Campylomormyrus,28108418,C.
Gnathonemus,28108418,G.
Mormyrus,28108418,M.
Hippopotamyrus,28108418,H.
Alectoris,28114306,A.
Gasterosteus,28118391,G.
Tagus,28118391,T.
Limia,28118391,L.
Lepus,28120863,L.
Lutrogale,28128366,L.
Aonyx,28128366,A.
Lutra,28128366,L.
Amblonyx,28128366,A.
Anopheles,28148817,A.
Culex,28148817,C.
Abudefduf,28160340,A.
Bacillus,28165062,B.
Radiata,28165062,R.
Diuraphis,28199674,D.
Drosophila,28207793,D.
Caenorhabditis,28209763,C.
Schistosoma,28215207,S.
Conus,28215573,C.
Periophthalmus,28239874,P.
Epinephelus,28252178,E.
Xenopus,28283406,X.
Drosophila,28315830,D.
Chilo,28338099,C.
Xiphophorus,28345808,X.
Chironomus,28359994,C.
Drosophila,28360394,D.
Porites,28366817,P.
Cottus,28390096,C.
Anopheles,28417969,A.
Aedes,28419266,A.
Stegomyia,28419266,S.
Drosophila,28431021,D.
Alopia,28437577,A.
Lepomis,28444733,L.
Passer,28446700,P.
Drosophila,28467464,D.
Huso,28490748,H.
Acipenser,28490748,A.
Drosophila,28492967,D.
Helicoverpa,28498959,H.
Formica,28503905,F.
Oratosquilla,28512346,O.
Crustacea,28512346,C.
Brontispa,28533374,B.
Ammodytes,28582394,A.
Anastrepha,28586142,A.
Trichomonas,28603223,T.
Mycoplasma,28603223,M.
Neotibicen,28610271,N.
Pangasianodon,28635581,P.
Clarias,28635581,C.
Pterois,28637254,P.
Helicoverpa,28651661,H.
Hexagrammos,28678883,H.
Enallagma,28744900,E.
Bufo,28752635,B.
Lepus,28767659,L.
Diaeretiella,28770687,D.
Etheostoma,28776645,E.
Culex,28803842,C.
Anopheles,28810861,A.
Terebratulina,28821797,T.
Camarhynchus,28833876,C.
Philornis,28833876,P.
Drosophila,28854624,D.
Anopheles,28860320,A.
Drosophila,28860320,D.
Drosophila,28873409,D.
Spodoptera,28881955,S.
Encarsia,28902188,E.
Peromyscus,28902189,P.
Darevskia,28931071,D.
Stenocephalemys,28963084,S.
Helicoverpa,28973714,H.
Pelodiscus,28973716,P.
Anguilla,28990671,A.
Ectropis,29029204,E.
Meloidogyne,29036290,M.
Drosophila,29046402,D.
Carassius,29057976,C.
Caenorhabditis,29066469,C.
Arion,29097725,A.
Drosophila,29098691,D.
Ostrinia,29105878,O.
Drosophila,29109277,D.
Haliotis,29127030,H.
Cranioleuca,29134710,C.
Trichoderma,29146930,T.
Daphnia,29166859,D.
Geospiza,29170277,G.
Cechenena,29176771,C.
Macaca,29186474,M.
Catostomus,29193550,C.
Abramis,29218717,A.
Rutilus,29218717,R.
Neotoma,29225026,N.
Peromyscus,29231989,P.
Triatoma,29260653,T.
Aegithalos,29262786,A.
Luscinia,29319911,L.
Xenopus,29320479,X.
Drosophila,29321367,D.
Tigriopus,29329459,T.
Carassius,29360831,C.
Eisenia,29370238,E.
Eublepharis,29422546,E.
Iguana,29471487,I.
Eustatius,29471487,E.
Pangasianodon,29491444,P.
Clarias,29491444,C.
Apostichopus,29492749,A.
Melinaea,29495006,M.
Corvus,29500409,C.
Myiothlypis,29522515,M.
Liolaemus,29555296,L.
Sebastes,29566070,S.
Liolaemus,29577500,L.
Luscinia,29603471,L.
Egernia,29603473,E.
Pelophylax,29609661,P.
Macaca,29614345,M.
Drosophila,29684059,D.
Solea,29713088,S.
Pieris,29718495,P.
Bos,29762711,B.
Drosophila,29777168,D.
Polyergus,29785626,P.
Formica,29785626,F.
Gasterosteus,29791436,G.
Oreochromis,29852253,O.
Tilapia,29852253,T.
Anopheles,29860336,A.
Canis,29889268,C.
Oratosquilla,29948633,O.
Micropterus,29959774,M.
Fasciola,29964059,F.
Rhipicephalus,29986760,R.
Drosophila,29995860,D.
Anarhichas,30001499,A.
Spheniscus,30010804,S.
Daphnia,30024954,D.
Lepus,30056805,L.
Drosophila,30059505,D.
Trichoplax,30063702,T.
Hoilungia,30063702,H.
Salmo,30101494,S.
Ammospiza,30101975,A.
Anopheles,30102363,A.
Glossina,30105964,G.
Bos,30117205,B.
Tragelaphus,30121341,T.
Triturus,30127083,T.
Drosophila,30135116,D.
Anasa,30165456,A.
Drosophila,30174184,D.
Haemonchus,30176949,H.
Crassostrea,30184067,C.
Schistosoma,30185248,S.
Tanakia,30192806,T.
Crossoptilon,30218774,C.
Stenella,30218775,S.
Delphinus,30218775,D.
Eisenia,30240427,E.
Bactrocera,30247661,B.
Lacerta,30258107,L.
Bemisia,30265339,B.
Pungitius,30272243,P.
Lepus,30286121,L.
Anomaloglossus,30292694,A.
Triatoma,30296602,T.
Somatochlora,30310089,S.
Anisoptera,30310089,A.
Warramaba,30313819,W.
Plutella,30321345,P.
Labeotropheus,30367138,L.
Macaca,30387553,M.
Drosophila,30402909,D.
Vermivora,30404868,V.
Setophaga,30404868,S.
Oenanthe,30421480,O.
Anopheles,30447117,A.
Drosophila,30456532,D.
Coptotermes,30462223,C.
Epinephelus,30463174,E.
Bacillus,30463174,B.
Ophioderma,30468939,O.
Drosophila,30503619,D.
Aspidoscelis,30562610,A.
Gryllus,30566487,G.
Daphnia,30582761,D.
Darevskia,30594123,D.
Luscinia,30597549,L.
Jacana,30597557,J.
Bufo,30609055,B.
Plegadis,30614583,P.
Puna,30614583,P.
Belonocnema,30667065,B.
Aedes,30668724,A.
Aedes,30668807,A.
Caenorhabditis,30670540,C.
Schistosoma,30673782,S.
Gloydius,30718614,G.
Drosophila,30723102,D.
Clitarchus,30724419,C.
Loxopholis,30731120,L.
Sphyrapicus,30739372,S.
Hypsiboas,30742734,H.
Ficus,30753744,F.
Valisia,30753744,V.
Tanakia,30763376,T.
Pronodularia,30763376,P.
Nodularia,30763376,N.
Alectoris,30778564,A.
Drosophila,30788506,D.
Epinephelus,30790662,E.
Triatoma,30793690,T.
Myodes,30813911,M.
Schistosoma,30821247,S.
Salaria,30831270,S.
Barbus,30844445,B.
Tigris,30844445,T.
Capoeta,30844445,C.
Astyanax,30867523,A.
Spodoptera,30868715,S.
Ectropis,30869176,E.
Melinaea,30873614,M.
Drosophila,30900533,D.
Oophaga,30912970,O.
Anopheles,30914785,A.
Solenopsis,30916749,S.
Camponotus,30916749,C.
Sphyrna,30940019,S.
Henneguya,30941825,H.
Ictalurus,30941825,I.
Bactrocera,30955213,B.
Drosophila,30955213,D.
Drosophila,30957216,D.
Anopheles,30971230,A.
Oreochromis,30974200,O.
Alcolapia,30974200,A.
Carcharhinus,30981810,C.
Drosophila,30986215,D.
Tursiops,30990845,T.
Delphinus,30990845,D.
Pachyptila,31028398,P.
Drosophila,31038678,D.
Cataglyphis,31063272,C.
Caenorhabditis,31064822,C.
Anopheles,31066895,A.
Hyrcanus,31066895,H.
Trichomonas,31082541,T.
Pelteobagrus,31092672,P.
Salmo,31111501,S.
Hypophthalmus,31121309,H.
Meccus,31124236,M.
Chorthippus,31127969,C.
Salmo,31128294,S.
Schizothorax,31148539,S.
Percocypris,31148539,P.
Chrysochus,31162735,C.
Liolaemus,31170522,L.
Squamata,31170522,S.
Philornis,31185871,P.
Camarhynchus,31185871,C.
Centropomus,31188085,C.
Schistosoma,31251352,S.
Rhinolophus,31252069,R.
Pelobates,31254307,P.
Cataglyphis,31263177,C.
Rhinolophus,31276779,R.
Anopheles,31288705,A.
Ixodes,31327746,I.
Catharus,31330265,C.
Tachysurus,31331524,T.
Heliconius,31334832,H.
Aphelocoma,31340859,A.
Pelophylax,31382876,P.
Drosophila,31385638,D.
Pinctada,31388098,P.
Culex,31411773,C.
Torymus,31422419,T.
Dryocosmus,31422419,D.
Setophaga,31430391,S.
Gila,31431737,G.
Trichechus,31460594,T.
Archivesica,31478269,A.
Phreagena,31478269,P.
Caenorhabditis,31488593,C.
Rhagoletis,31495015,R.
Tilapia,31506510,T.
Oreochromis,31506510,O.
Gonioctena,31509301,G.
Ellobius,31510061,E.
Amphitetranychus,31518372,A.
Bufotes,31520778,B.
Cerastoderma,31569787,C.
Lissotriton,31574568,L.
Culex,31576405,C.
Turdus,31576405,T.
Passer,31576405,P.
Cardinalis,31576405,C.
Spea,31578218,S.
Labeo,31610016,L.
Callithrix,31618728,C.
Jaera,31631475,J.
Bufo,31643124,B.
Homo,31643124,H.
Geospiza,31659024,G.
Schistosoma,31727202,S.
Rhagoletis,31729753,R.
Anas,31736171,A.
Amphiprion,31749119,A.
Drosophila,31767631,D.
Trichogramma,31767914,T.
Dendrolimus,31767914,D.
Dermacentor,31768539,D.
Acarina,31768539,A.
Caenorhabditis,31841515,C.
Ochthebius,31844110,O.
Selasphorus,31859363,S.
Anguilla,31863605,A.
Haliotis,31911289,H.
Culex,31915057,C.
Carassius,31981776,C.
Haemonchus,32065932,H.
Corvus,32069366,C.
Sus,32080922,S.
Ithomia,32145112,I.
Oleria,32145112,O.
Heliconius,32145112,H.
Ficus,32161229,F.
Aedes,32164699,A.
Phlebotomus,32198397,P.
Drosophila,32198397,D.
Drosophila,32203250,D.
Tetramorium,32205865,T.
Geospiza,32213581,G.
Hyla,32218506,H.
Sporophila,32218563,S.
Kryptolebias,32242998,K.
Pyriglena,32283137,P.
Triatoma,32307539,T.
Salmo,32307707,S.
Salvelinus,32307707,S.
Drosophila,32339225,D.
Helicoverpa,32348505,H.
Lycaeides,32358487,L.
Labeo,32364999,L.
Catla,32364999,C.
Sthenoteuthis,32380284,S.
Poecilia,32380569,P.
Homarus,32385382,H.
Darevskia,32393253,D.
Mytilus,32397617,M.
Schistosoma,32400355,S.
Omocestus,32418257,O.
Anopheles,32449755,A.
Gaba,32449755,G.
Helicoverpa,32450817,H.
Anser,32451423,A.
Campylomormyrus,32468077,C.
Schistosoma,32468189,S.
Danio,32470029,D.
Littorina,32472616,L.
Scomber,32502497,S.
Cobitis,32512717,C.
Gasterosteus,32557887,G.
Diceros,32585004,D.
Ceratotherium,32585004,C.
Pomacea,32594654,P.
Aedes,32610346,A.
Heliconius,32620168,H.
Eisenia,32645117,E.
Dendrobaena,32645117,D.
Pungitius,32654635,P.
Rhagoletis,32654640,R.
Lymnaea,32697880,L.
Alouatta,32725191,A.
Careproctus,32729710,C.
Macrostomum,32732887,M.
Ectropis,32741378,E.
Papilio,32758535,P.
Aedes,32761846,A.
Stegomyia,32761846,S.
Xenopus,32764757,X.
Heliocidaris,32781979,H.
Strongylocentrotus,32781979,S.
Anisakis,32785065,A.
Ancylostoma,32785065,A.
Hyla,32791012,H.
Parazoanthus,32811877,P.
Conolophus,32868803,C.
Phymatodes,32885824,P.
Drosophila,32901021,D.
Peromyscus,32912160,P.
Drosophila,32928902,D.
Pieris,32970464,P.
Bufotes,32978888,B.
Hypocnemis,32984949,H.
Rondonia,32984949,R.
Haliotis,33040235,H.
Macaca,33045051,M.
Lutzomyia,33053414,L.
Phlebotomus,33053414,P.
Charpentieria,33059065,C.
Oreochromis,33063411,O.
Homotherium,33065008,H.
Ellobius,33076404,E.
Pelteobagrus,33077108,P.
Sorex,33083884,S.
Salvelinus,33099197,S.
Onchorynchus,33099197,O.
Lucania,33118222,L.
Anopheles,33119635,A.
Darevskia,33123817,D.
Rhynchocyon,33130298,R.
Macaca,33146441,M.
Ascaris,33155980,A.
Drosophila,33159350,D.
Trypodendron,33184654,T.
Podarcis,33199832,P.
Nanger,33226701,N.
Mytilus,33251632,M.
Anopheles,33262284,A.
Danio,33277491,D.
Anura,33285552,A.
Bombina,33285552,B.
Pelteobagrus,33309769,P.
Caranx,33311237,C.
Isla,33311237,I.
Montuosa,33311237,M.
Bactrocera,33339498,B.
Carassius,33420922,C.
Cyprinus,33420922,C.
Liolaemus,33421613,L.
Squamata,33421613,S.
Anopheles,33476334,A.
Leopardus,33484012,L.
Macrobrachium,33503281,M.
Ammospiza,33509089,A.
Scarus,33514314,S.
Aphis,33539375,A.
Schistosoma,33544762,S.
Poecilia,33547183,P.
Pelophylax,33567735,P.
Ctenophorus,33580546,C.
Colaphellus,33583438,C.
Symposiachrus,33615597,S.
Drosophila,33622987,D.
Papio,33624366,P.
Bos,33638258,B.
Caenorhabditis,33667233,C.
Triatoma,33676012,T.
Mastomys,33687566,M.
Schistosoma,33687566,S.
Rattus,33687566,R.
Crocidura,33687566,C.
Bulinus,33687566,B.
Dysaphis,33707470,D.
Littorina,33707514,L.
Neritrema,33707514,N.
Phodopus,33710276,P.
Epinephelus,33715082,E.
Heliconius,33757348,H.
Rhagoletis,33765250,R.
Sporophila,33766854,S.
Syphacia,33772348,S.
Microtus,33772348,M.
Alexandromys,33772348,A.
Sylvaemus,33772348,S.
Apodemus,33772348,A.
Rhagoletis,33786930,R.
Limbatochlamys,33798671,L.
Bombus,33823537,B.
Tegeticula,33846972,T.
Tetramorium,33913250,T.
Salamandra,33927228,S.
Anisakis,33940197,A.
Lepomis,33944950,L.
Schistosoma,33945524,S.
Drosophila,33972659,D.
Anastrepha,33984467,A.
Belonocnema,33989147,B.
Heliconius,34019308,H.
Sebastes,34043665,S.
Zonotrichia,34082131,Z.
Oryzias,34111145,O.
Macaca,34114757,M.
Boana,34160853,B.
Meccus,34174967,M.
Triatoma,34174967,T.
Conorhinus,34174967,C.
Canis,34181791,C.
Hylobates,34188193,H.
Batrachuperus,34214665,B.
Tetranychus,34244609,T.
Formica,34260873,F.
Melitaea,34288183,M.
Xenopus,34304589,X.
Oreochromis,34325161,O.
Parachromis,34325161,P.
Geospiza,34330836,G.
Lepus,34349207,L.
Macaca,34379829,M.
Appasus,34390528,A.
Heteroptera,34390528,H.
Cobitis,34410426,C.
Drosophila,34424906,D.
Callithrix,34446741,C.
Rhagoletis,34455644,R.
Xiphophorus,34460102,X.
Squalius,34462578,S.
Drosophila,34463356,D.
Haliotis,34496767,H.
Oreochromis,34503796,O.
Drosophila,34538008,D.
Ciona,34547149,C.
Melinaea,34570954,M.
Petaurus,34573311,P.
Alosa,34590319,A.
Canis,34609013,C.
Cottocomephorus,34614231,C.
Leptocybe,34648583,L.
Triatoma,34653197,T.
Cactoblastis,34662480,C.
Hylobates,34716489,H.
Daphnia,34726699,D.
Helicoverpa,34729903,H.
Tigriopus,34748608,T.
Penaeus,34794091,P.
Lepidodactylus,34810501,L.
Squamata,34810501,S.
Crotalus,34822565,C.
Macaca,34825374,M.
Ovis,34845798,O.
Sceloporus,34882877,S.
Pachyptila,34921614,P.
Schistosoma,34941866,S.
Bulinus,34941866,B.
Planorbarius,34941866,P.
Drosophila,34944084,D.
Catharus,34999784,C.
Operophtera,35034394,O.
Bos,35039029,B.
Daphnia,35039663,D.
Bokermannohyla,35041294,B.
Chioglossa,35043504,C.
Anopheles,35063691,A.
Xiphophorus,35085234,X.
Callithrix,35087079,C.
Macaca,35132636,M.
Lutzomyia,35139072,L.
Eisenia,35180227,E.
Chorthippus,35189365,C.
Oncorhynchus,35236892,O.
Littorina,35257790,L.
Neritrema,35257790,N.
Spialia,35263484,S.
Anguillicola,35300740,A.
Macrobrachium,35304756,M.
Myotis,35327953,M.
Schistosoma,35346375,S.
Acropora,35354852,A.
Phrynocephalus,35356979,P.
Lineus,35359311,L.
Pogonomyrmex,35365873,P.
Diaphanosoma,35390944,D.
Cladocera,35390944,C.
Apis,35468163,A.
Xiphophorus,35510780,X.
Pimelodus,35577289,P.
Lepidothrix,35577299,L.
Microcebus,35627298,M.
Alosa,35665777,A.
Drosophila,35666817,D.
Chorthippus,35695020,C.
Tamias,35778920,T.
Formica,35802833,F.
Ceriodaphnia,35810974,C.
Cladocera,35810974,C.
Odontesthes,35821279,O.
Ischnura,35855603,I.
Daphnia,35895848,D.
Ctenomys,35905819,C.
Schistosoma,35939508,S.
Sphyrapicus,35951007,S.
Solenopsis,35969752,S.
Drosophila,35986208,D.
Homo,36064759,H.
Kryptolebias,36082413,K.
Ponticola,36095612,P.
Eulimnogammarus,36142769,E.
Crustacea,36142769,C.
Scutiger,36171715,S.
Thraupis,36197923,T.
Batillaria,36205362,B.
Poecile,36210655,P.
Erinaceus,36229647,E.
Epinephelus,36317644,E.
Rhinella,36333595,R.
Ohomopterus,36357996,O.
Carabus,36357996,C.
Odocoileus,36516402,O.
Formica,36538502,F.
Ochotona,36562771,O.
Drosophila,36574824,D.
Cataglyphis,36585503,C.
Platycerus,36622778,P.
Fundulus,36636892,F.
Crassostrea,36653591,C.
Neotoma,36715204,N.
Pristionchus,36717742,P.
Icterus,36747071,I.
Sebastes,36762996,S.
Anolis,36811388,A.
Phylloscopus,36869752,P.
Mus,36967628,M.
Schistosoma,36976804,S.
Drosophila,37000122,D.
Caenorhabditis,37014784,C.
Oncorhynchus,37018461,O.
Canis,37046402,C.
Bufo,37106116,B.
Xiphophorus,37147111,X.
Morpho,37216769,M.
Formica,37222024,F.
Tigriopus,37260390,T.
Rhinopithecus,37262139,R.
Mycteria,37264039,M.
Vermivora,37329885,V.
Phlebotomus,37391025,P.
Triatoma,37459050,T.
Operophtera,37459357,O.
Adrianichthys,37493080,A.
Oryzias,37493080,O.
Apis,37550348,A.
Anopheles,37738317,A.
Motacilla,37801684,M.
Giraffa,37833744,G.
Anolis,37861454,A.
Coptotermes,37952215,C.
Etheostoma,37971888,E.
Reticulitermes,38059374,R.
Liriomyza,38071646,L.
Clarias,38085448,C.
Drosophila,38156703,D.
Sophophora,38156703,S.
Drosophila,38184848,D.
Crassostrea,38203295,C.
Gata,38203295,G.
Belonocnema,38302071,B.
Heliconius,38306464,H.
Pelophylax,38361120,P.
Colossoma,38381279,C.
Piaractus,38381279,P.
Pseudomys,38385302,P.
Darevskia,38407543,D.
Lycalopex,38412545,L.
Spermophilus,38471598,S.
Colobotis,38471598,C.
Bacillus,38501929,B.
Drosophila,38518250,D.
Sporophila,38530643,S.
Homo,38558123,H.
Schistosoma,38620029,S.
Gasterosteus,38628124,G.
Heliconius,38632397,H.
Macaca,38634872,M.
Equus,38682799,E.
Ixodes,38685096,I.
Ammophila,38687376,A.
Ganaspis,38718200,G.
Drosophila,38718200,D.
Heliconius,38736286,H.
Aphis,38745070,A.
Manacus,38753474,M.
Potamopyrgus,38776329,P.
Clarias,38795738,C.
Hexagrammos,38829848,H.
Oreochromis,38865496,O.
Diadema,38872025,D.
Mus,38886565,M.
Manacus,38902865,M.
Bactrocera,38913610,B.
Helicoverpa,38941083,H.
Schistosoma,38954732,S.
Thalurania,38982014,T.
Augochlora,38982014,A.
Mastacembelus,39004014,M.
Sinobdella,39004014,S.
Helix,39031116,H.
Semisulcospira,39037492,S.
Aedes,39039226,A.
Drosophila,39045689,D.
Acanthopagrus,39062724,A.
Pagrus,39062724,P.
Stigmaeopsis,39090316,S.
Zodarion,39103025,Z.
Erebia,39119885,E.
Ischnura,39155287,I.
Boreogadus,39164428,B.
Arctogadus,39164428,A.
Myzomela,39172766,M.
Xiphophorus,39186811,X.
Ranitomeya,39191906,R.
Carassius,39212263,C.
Cyprinus,39212263,C.
Passerina,39212586,P.
Eospalax,39218870,E.
Emberiza,39258972,E.
Epinephelus,39273685,E.
Schistosoma,39291545,S.
Pelophylax,39333615,P.
Cromileptes,39383135,C.
Epinephelus,39383135,E.
Ctenopharyngodon,39408892,C.
Squaliobarbus,39408892,S.
Epitrimerus,39414099,E.
Leptobrachium,39465507,L.
Spodoptera,39476008,S.
Fasciola,39482528,F.
Micropterus,39485793,M.
Hypseleotris,39501046,H.
Larus,39511258,L.
Caenorhabditis,39514314,C.
Fundulus,39514674,F.
Quadrula,39543938,Q.
Acropora,39553712,A.
Rotylenchulus,39568264,R.
Drosophila,39584442,D.
Alytes,39585918,A.
Chlorocebus,39596559,C.
Drosophila,39607704,D.
Bembicium,39617802,B.
Culex,39625887,C.
Profundulus,39646364,P.
Tlaloc,39646364,T.
Tarphius,39658084,T.
Eulimnogammarus,39670534,E.
Crustacea,39670534,C.
Ficedula,39670717,F.
Dolichoderus,39673211,D.
Fundulus,39673750,F.
Danio,39698833,D.
Devario,39698833,D.
Falco,39699136,F.
Drosophila,39707709,D.
Triatoma,39715207,T.
Lissotriton,39746557,L.
Colaphellus,39773355,C.
Canis,39791197,C.
Merluccius,39791935,M.
Drosophila,39841166,D.
Leiolepis,39856096,L.
Cobitis,39858616,C.
Aricia,39869437,A.
Anguilla,39878237,A.
Caenorhabditis,39884276,C.
Bos,39921600,B.
Kaloula,39956873,K.
Ictalurus,40019745,I.
Monochamus,40036303,M.
Amphiprion,40036403,A.
Alouatta,40100798,A.
Ateles,40100798,A.
Haliotis,40106883,H.
Plestiodon,40123256,P.
Panthera,40128107,P.
Coenonympha,40135482,C.
Xiphophorus,40140599,X.
Schistosoma,40163525,S.
Spartina,40167806,S.
Anisakis,40181623,A.
Leucotaraxis,40192294,L.
Adelges,40192294,A.
Pineus,40192294,P.
Crotalus,40200048,C.
Gubernatrix,40204765,G.
Diuca,40204765,D.
Schistosoma,40223094,S.
Morus,40251250,M.
Ursus,40253500,U.
Parnassius,40273056,P.
Chrosomus,40275719,C.
Mycoplasma,40303808,M.
Schistosoma,40305402,S.
Argopecten,40315712,A.
Lepus,40319376,L.
Drosophila,40327225,D.
Mesocentrotus,40331485,M.
Strongylocentrotus,40331485,S.
Coptotermes,40393488,C.
Apis,40434076,A.
Sceloporus,40464348,S.
Caenorhabditis,40476322,C.
Hexagrammos,40476711,H.
Monochamus,40478281,M.
Dikerogammarus,40492297,D.
Neurergus,40523419,N.
Euschistus,40526311,E.
Caenorhabditis,40542721,C.
Ruditapes,40569321,R.
Hierodula,40576974,H.
Plestiodon,40581366,P.
Tetrapoda,40581366,T.
Phrynocephalus,40592422,P.
Mepraia,40593879,M.
Ixodes,40696823,I.
Glis,40696823,G.
Schistosoma,40773459,S.
Cyprinus,40790730,C.
Sinocyclocheilus,40790730,S.
Drosophila,40795368,D.
Euhadra,40816440,E.
Dinopium,40827595,D.
Mammuthus,40875800,M.
Pheucticus,40911294,P.
Callithrix,40962993,C.
Scurria,40976956,S.
Bos,40998788,B.
Pelophylax,41018896,P.
Madracis,41022816,M.
Poecile,41032325,P.
Diploria,41084207,D.
Fundulus,41094714,F.
Drosophila,41094714,D.
Rhodnius,41121281,R.
Leiothlypis,41124015,L.
Setophaga,41124015,S.
Caenorhabditis,41129226,C.
Rhodnius,41171938,R.
Pelophylax,41178461,P.
Rhinolophus,41250886,R.
Orbicella,41257818,O.
Rhodnius,41272042,R.
Haemonchus,41272644,H.
Neodiprion,41287918,N.
Eleutheronema,41291185,E.
Eulemur,41308810,E.
Lemur,41308810,L.
Drosophila,41327877,D.
Aspidoscelis,41346306,A.
Acipenser,41516010,A.
Schistosoma,41538077,S.
Schistosoma,41538078,S.
Schistosoma,41538084,S.
Schistosoma,41538085,S.
Gasterosteus,41562419,G.
Pelophylax,41618622,P.
